{
  "id": "ultimate-beastiary",
  "title": "Ultimate Beastiary",
  "description": "339 creatures custom imported.",
  "version": "1.0.3",
  "compatibility": {
    "minimum": "13",
    "verified": "13"
  },
  "relationships": {
    "systems": [
      {
        "id": "dnd5e",
        "type": "system",
        "compatibility": {
          "minimum": "5.0.0",
          "verified": "5.2.4"
        }
      }
    ]
  },
  "authors": [
    {
      "name": "Custom Import"
    }
  ],
  "esmodules": [
    "scripts/module.mjs"
  ],
  "flags": {
    "ultimate-beastiary": {
      "actorsImported": false
    }
  }
}
